{"cameraMode":{"drawMode":0,"name":"Shaded","section":"Shading Mode"},"sceneLighting":true,"audioPlay":false,"sceneViewState":{"showFog":true,"showMaterialUpdate":false,"showSkybox":true,"showFlares":true,"showImageEffects":true,"showParticleSystems":true},"in2DMode":false,"pivot":{"x":0.4258401393890381,"y":2.256610155105591,"z":-0.040070176124572757},"rotation":{"x":0.00838832464069128,"y":0.6023604869842529,"z":-0.0063314069993793968,"w":0.7981578707695007},"size":3.592604637145996,"orthographic":false}