{"cameraMode":{"drawMode":0,"name":"Shaded","section":"Shading Mode"},"sceneLighting":false,"audioPlay":false,"sceneViewState":{"showFog":true,"showMaterialUpdate":true,"showSkybox":false,"showFlares":true,"showImageEffects":true,"showParticleSystems":true},"in2DMode":false,"pivot":{"x":2.0737791061401369,"y":0.6716665625572205,"z":0.15077972412109376},"rotation":{"x":-0.041203323751688007,"y":0.6961454153060913,"z":-0.04327702149748802,"w":-0.7159464955329895},"size":2.3392789363861086,"orthographic":false}