{"cameraMode":{"drawMode":0,"name":"Shaded","section":"Shading Mode"},"sceneLighting":false,"audioPlay":false,"sceneViewState":{"showFog":true,"showMaterialUpdate":false,"showSkybox":false,"showFlares":true,"showImageEffects":true,"showParticleSystems":true},"in2DMode":false,"pivot":{"x":0.4434205889701843,"y":1.8717749118804932,"z":1.5013431310653687},"rotation":{"x":0.20699506998062135,"y":0.5790873765945435,"z":-0.15462733805179597,"w":0.7733585834503174},"size":0.0808330848813057,"orthographic":false}