{"cameraMode":{"drawMode":0,"name":"Shaded","section":"Shading Mode"},"sceneLighting":true,"audioPlay":false,"sceneViewState":{"showFog":true,"showMaterialUpdate":true,"showSkybox":true,"showFlares":true,"showImageEffects":true,"showParticleSystems":true},"in2DMode":false,"pivot":{"x":-0.7737787961959839,"y":4.447138786315918,"z":1.124444842338562},"rotation":{"x":0.33869031071662905,"y":0.5856001377105713,"z":-0.289691299200058,"w":0.677700400352478},"size":0.1666904091835022,"orthographic":false}