{"cameraMode":{"drawMode":0,"name":"Shaded","section":"Shading Mode"},"sceneLighting":false,"audioPlay":false,"sceneViewState":{"showFog":true,"showMaterialUpdate":false,"showSkybox":false,"showFlares":true,"showImageEffects":true,"showParticleSystems":true},"in2DMode":false,"pivot":{"x":-0.22943761944770814,"y":2.2662389278411867,"z":0.578277051448822},"rotation":{"x":0.11591774225234986,"y":0.3640897572040558,"z":-0.04542604833841324,"w":0.9231016635894775},"size":0.0808330848813057,"orthographic":false}