{"cameraMode":{"drawMode":0,"name":"Shaded","section":"Shading Mode"},"sceneLighting":false,"audioPlay":false,"sceneViewState":{"showFog":true,"showMaterialUpdate":false,"showSkybox":false,"showFlares":true,"showImageEffects":true,"showParticleSystems":true},"in2DMode":false,"pivot":{"x":2.45687198638916,"y":2.923967123031616,"z":3.5313212871551515},"rotation":{"x":0.01759406365454197,"y":0.7325488328933716,"z":-0.01888522505760193,"w":0.6803502440452576},"size":2.622215747833252,"orthographic":false}