{"cameraMode":{"drawMode":0,"name":"Shaded","section":"Shading Mode"},"sceneLighting":true,"audioPlay":false,"sceneViewState":{"showFog":true,"showMaterialUpdate":false,"showSkybox":true,"showFlares":true,"showImageEffects":true,"showParticleSystems":true},"in2DMode":false,"pivot":{"x":-0.03377604857087135,"y":2.0383121967315676,"z":-0.18085335195064546},"rotation":{"x":-0.03466340899467468,"y":-0.09104756265878678,"z":0.003148098010569811,"w":-0.9953003525733948},"size":1.0944862365722657,"orthographic":false}