{"cameraMode":{"drawMode":0,"name":"Shaded","section":"Shading Mode"},"sceneLighting":false,"audioPlay":false,"sceneViewState":{"showFog":true,"showMaterialUpdate":true,"showSkybox":false,"showFlares":true,"showImageEffects":true,"showParticleSystems":true},"in2DMode":false,"pivot":{"x":-0.006989673711359501,"y":0.1539013683795929,"z":-0.016540352255105974},"rotation":{"x":-0.6549330949783325,"y":-0.06633276492357254,"z":0.05439801141619682,"w":-0.7513483166694641},"size":0.46669045090675356,"orthographic":false}