{"cameraMode":{"drawMode":0,"name":"Shaded","section":"Shading Mode"},"sceneLighting":true,"audioPlay":false,"sceneViewState":{"showFog":true,"showMaterialUpdate":true,"showSkybox":true,"showFlares":true,"showImageEffects":true,"showParticleSystems":true},"in2DMode":false,"pivot":{"x":4.611061096191406,"y":2.7808005809783937,"z":2.0258617401123049},"rotation":{"x":-0.16046109795570374,"y":-0.4315400719642639,"z":0.07554695755243302,"w":-0.8848564624786377},"size":0.1666904091835022,"orthographic":false}