{"cameraMode":{"drawMode":0,"name":"Shaded","section":"Shading Mode"},"sceneLighting":true,"audioPlay":false,"sceneViewState":{"showFog":true,"showMaterialUpdate":true,"showSkybox":true,"showFlares":true,"showImageEffects":true,"showParticleSystems":true},"in2DMode":false,"pivot":{"x":-1.5634229183197022,"y":3.472909450531006,"z":-2.1629230976104738},"rotation":{"x":-0.07793229073286057,"y":-0.375188946723938,"z":0.030412454158067704,"w":-0.9234732985496521},"size":4.380945682525635,"orthographic":false}