{"cameraMode":{"drawMode":0,"name":"Shaded","section":"Shading Mode"},"sceneLighting":true,"audioPlay":false,"sceneViewState":{"showFog":true,"showMaterialUpdate":true,"showSkybox":true,"showFlares":true,"showImageEffects":true,"showParticleSystems":true},"in2DMode":false,"pivot":{"x":548.4752807617188,"y":219.4937744140625,"z":-37.232208251953128},"rotation":{"x":-0.17167426645755769,"y":0.051032789051532748,"z":0.010732674039900303,"w":0.9842612743377686},"size":204.02749633789063,"orthographic":false}