{"cameraMode":{"drawMode":0,"name":"Shaded","section":"Shading Mode"},"sceneLighting":false,"audioPlay":false,"sceneViewState":{"showFog":true,"showMaterialUpdate":true,"showSkybox":false,"showFlares":true,"showImageEffects":true,"showParticleSystems":true},"in2DMode":false,"pivot":{"x":-2.2681143283843996,"y":2.2760672569274904,"z":7.930877208709717},"rotation":{"x":0.2533175051212311,"y":0.04213884100317955,"z":-0.00963448267430067,"w":0.9667023420333862},"size":0.9621065258979797,"orthographic":false}