{"cameraMode":{"drawMode":0,"name":"Shaded","section":"Shading Mode"},"sceneLighting":true,"audioPlay":false,"sceneViewState":{"showFog":true,"showMaterialUpdate":false,"showSkybox":true,"showFlares":true,"showImageEffects":true,"showParticleSystems":true},"in2DMode":false,"pivot":{"x":7.827147006988525,"y":-0.5272765755653381,"z":18.092573165893556},"rotation":{"x":0.06344231963157654,"y":0.20069439709186555,"z":-0.013022218830883503,"w":0.9775187373161316},"size":22.0,"orthographic":false}