{"cameraMode":{"drawMode":0,"name":"Shaded","section":"Shading Mode"},"sceneLighting":true,"audioPlay":false,"sceneViewState":{"showFog":true,"showMaterialUpdate":true,"showSkybox":true,"showFlares":true,"showImageEffects":true,"showParticleSystems":true},"in2DMode":false,"pivot":{"x":-1.188050627708435,"y":3.2714602947235109,"z":1.601086139678955},"rotation":{"x":0.035694096237421039,"y":0.4795801341533661,"z":-0.017934290692210199,"w":0.8769033551216126},"size":0.22756916284561158,"orthographic":false}