{"cameraMode":{"drawMode":0,"name":"Shaded","section":"Shading Mode"},"sceneLighting":false,"audioPlay":false,"sceneViewState":{"showFog":true,"showMaterialUpdate":false,"showSkybox":false,"showFlares":true,"showImageEffects":true,"showParticleSystems":true},"in2DMode":false,"pivot":{"x":-0.1693296730518341,"y":2.97872257232666,"z":1.6004801988601685},"rotation":{"x":-0.19006747007369996,"y":-0.45214009284973147,"z":0.09977313131093979,"w":-0.8659120202064514},"size":1.7612906694412232,"orthographic":false}