{"cameraMode":{"drawMode":0,"name":"Shaded","section":"Shading Mode"},"sceneLighting":true,"audioPlay":false,"sceneViewState":{"showFog":true,"showMaterialUpdate":true,"showSkybox":true,"showFlares":true,"showImageEffects":true,"showParticleSystems":true},"in2DMode":false,"pivot":{"x":0.9532350897789002,"y":2.789659023284912,"z":11.589377403259278},"rotation":{"x":0.14104202389717103,"y":0.1110636442899704,"z":-0.014528271742165089,"w":0.9839271903038025},"size":5.472431182861328,"orthographic":false}