{"cameraMode":{"drawMode":0,"name":"Shaded","section":"Shading Mode"},"sceneLighting":true,"audioPlay":false,"sceneViewState":{"showFog":true,"showMaterialUpdate":true,"showSkybox":true,"showFlares":true,"showImageEffects":true,"showParticleSystems":true},"in2DMode":false,"pivot":{"x":5.431362152099609,"y":4.762843608856201,"z":5.131520748138428},"rotation":{"x":-0.03814031556248665,"y":0.8602419495582581,"z":-0.06942182779312134,"w":-0.5046412944793701},"size":0.1666904091835022,"orthographic":false}