{"cameraMode":{"drawMode":0,"name":"Shaded","section":"Shading Mode"},"sceneLighting":false,"audioPlay":false,"sceneViewState":{"showFog":true,"showMaterialUpdate":true,"showSkybox":false,"showFlares":true,"showImageEffects":true,"showParticleSystems":true},"in2DMode":false,"pivot":{"x":-16.731685638427736,"y":4.3570661544799809,"z":16.502714157104493},"rotation":{"x":-0.030229074880480768,"y":0.32359835505485537,"z":-0.0127526530995965,"w":-0.945967435836792},"size":22.0,"orthographic":false}