{"cameraMode":{"drawMode":0,"name":"Shaded","section":"Shading Mode"},"sceneLighting":false,"audioPlay":false,"sceneViewState":{"showFog":true,"showMaterialUpdate":true,"showSkybox":false,"showFlares":true,"showImageEffects":true,"showParticleSystems":true},"in2DMode":false,"pivot":{"x":4.592533588409424,"y":4.7596893310546879,"z":-0.2792850434780121},"rotation":{"x":-0.10144907981157303,"y":0.8751899003982544,"z":-0.21639344096183778,"w":-0.42153963446617129},"size":1.2124974727630616,"orthographic":false}