{"cameraMode":{"drawMode":0,"name":"Shaded","section":"Shading Mode"},"sceneLighting":false,"audioPlay":false,"sceneViewState":{"showFog":true,"showMaterialUpdate":false,"showSkybox":false,"showFlares":true,"showImageEffects":true,"showParticleSystems":true},"in2DMode":false,"pivot":{"x":0.6001794338226318,"y":1.6719536781311036,"z":2.0206615924835207},"rotation":{"x":0.011187898926436901,"y":0.6840211749076843,"z":-0.01045331358909607,"w":0.7293811440467835},"size":2.622215747833252,"orthographic":false}