{"cameraMode":{"drawMode":0,"name":"Shaded","section":"Shading Mode"},"sceneLighting":false,"audioPlay":false,"sceneViewState":{"showFog":true,"showMaterialUpdate":true,"showSkybox":false,"showFlares":true,"showImageEffects":true,"showParticleSystems":true},"in2DMode":false,"pivot":{"x":-0.6401329636573792,"y":-0.4706573188304901,"z":-0.46819043159484866},"rotation":{"x":-0.13953082263469697,"y":0.8080291152000427,"z":-0.21688027679920197,"w":-0.5304253697395325},"size":2.3392786979675295,"orthographic":false}