{"cameraMode":{"drawMode":0,"name":"Shaded","section":"Shading Mode"},"sceneLighting":false,"audioPlay":false,"sceneViewState":{"showFog":true,"showMaterialUpdate":false,"showSkybox":false,"showFlares":true,"showImageEffects":true,"showParticleSystems":true},"in2DMode":false,"pivot":{"x":0.3586965799331665,"y":2.410770893096924,"z":2.8810794353485109},"rotation":{"x":0.25511783361434939,"y":0.05106322467327118,"z":-0.013475844636559487,"w":0.9655688405036926},"size":2.622215747833252,"orthographic":false}