{"cameraMode":{"drawMode":0,"name":"Shaded","section":"Shading Mode"},"sceneLighting":true,"audioPlay":false,"sceneViewState":{"showFog":true,"showMaterialUpdate":true,"showSkybox":true,"showFlares":true,"showImageEffects":true,"showParticleSystems":true},"in2DMode":false,"pivot":{"x":0.07098037749528885,"y":0.005670411977916956,"z":-0.03434077277779579},"rotation":{"x":-0.15192922949790955,"y":-0.8251060843467712,"z":0.2566189467906952,"w":-0.4805069863796234},"size":0.46669045090675356,"orthographic":false}