{"cameraMode":{"drawMode":0,"name":"Shaded","section":"Shading Mode"},"sceneLighting":true,"audioPlay":false,"sceneViewState":{"showFog":true,"showMaterialUpdate":true,"showSkybox":true,"showFlares":true,"showImageEffects":true,"showParticleSystems":true},"in2DMode":false,"pivot":{"x":-10.303807258605957,"y":8.209362983703614,"z":18.597633361816408},"rotation":{"x":-0.003938148729503155,"y":0.9873372316360474,"z":-0.15513049066066743,"w":-0.043192267417907718},"size":0.1666904091835022,"orthographic":false}