{"cameraMode":{"drawMode":0,"name":"Shaded","section":"Shading Mode"},"sceneLighting":true,"audioPlay":false,"sceneViewState":{"showFog":true,"showMaterialUpdate":true,"showSkybox":true,"showFlares":true,"showImageEffects":true,"showParticleSystems":true},"in2DMode":false,"pivot":{"x":0.8415252566337586,"y":2.682683229446411,"z":2.000382900238037},"rotation":{"x":0.4907265901565552,"y":0.2971259653568268,"z":-0.18094086647033692,"w":0.7991994619369507},"size":4.380945682525635,"orthographic":false}