{"cameraMode":{"drawMode":0,"name":"Shaded","section":"Shading Mode"},"sceneLighting":false,"audioPlay":false,"sceneViewState":{"showFog":true,"showMaterialUpdate":true,"showSkybox":false,"showFlares":true,"showImageEffects":true,"showParticleSystems":true},"in2DMode":false,"pivot":{"x":-1.9490000009536744,"y":2.2100000381469728,"z":8.177000045776368},"rotation":{"x":0.14104202389717103,"y":0.1110636442899704,"z":-0.014528271742165089,"w":0.9839271903038025},"size":0.9621065258979797,"orthographic":false}