{"cameraMode":{"drawMode":0,"name":"Shaded","section":"Shading Mode"},"sceneLighting":false,"audioPlay":false,"sceneViewState":{"showFog":true,"showMaterialUpdate":true,"showSkybox":false,"showFlares":true,"showImageEffects":true,"showParticleSystems":true},"in2DMode":false,"pivot":{"x":-0.15861836075782777,"y":0.08075830340385437,"z":0.06077054142951965},"rotation":{"x":0.4310305714607239,"y":0.2975362241268158,"z":-0.15005359053611756,"w":0.8390659689903259},"size":0.46669045090675356,"orthographic":false}