{"cameraMode":{"drawMode":0,"name":"Shaded","section":"Shading Mode"},"sceneLighting":false,"audioPlay":false,"sceneViewState":{"showFog":true,"showMaterialUpdate":true,"showSkybox":false,"showFlares":true,"showImageEffects":true,"showParticleSystems":true},"in2DMode":false,"pivot":{"x":-0.10416735708713532,"y":0.13402220606803895,"z":0.0806531310081482},"rotation":{"x":0.3199182152748108,"y":0.3225961923599243,"z":-0.11362358182668686,"w":0.8840236067771912},"size":0.46669045090675356,"orthographic":false}