{"cameraMode":{"drawMode":0,"name":"Shaded","section":"Shading Mode"},"sceneLighting":true,"audioPlay":false,"sceneViewState":{"showFog":true,"showMaterialUpdate":true,"showSkybox":true,"showFlares":true,"showImageEffects":true,"showParticleSystems":true},"in2DMode":false,"pivot":{"x":95.32797241210938,"y":-40.59764099121094,"z":-43.012142181396487},"rotation":{"x":-0.10895638912916184,"y":-0.8263397812843323,"z":0.16709865629673005,"w":-0.5275772213935852},"size":116.67262268066406,"orthographic":false}